<?xml version="1.0"?>
<object name="portal_actions" meta_type="Plone Actions Tool"
	xmlns:i18n="http://xml.zope.org/namespaces/i18n">
 <object name="site_actions" meta_type="CMF Action Category" purge="False">
  <property name="title"></property>
  <object name="home" meta_type="CMF Action" i18n:domain="plone">
   <property name="title" i18n:translate="">Home Page</property>
   <property name="description" i18n:translate=""></property>
   <property name="url_expr">string:${portal_url}</property>
   <property name="icon_expr">string:$portal_url/ico_home.gif</property>
   <property name="available_expr"></property>
   <property name="permissions">
    <element value="View"/>
   </property>
   <property name="visible">True</property>
  </object>
  <object name="plone_setup" meta_type="CMF Action" i18n:domain="plone">
   <property name="title" i18n:translate="">Site Setup</property>
   <property name="description" i18n:translate=""></property>
   <property
      name="url_expr">string:${portal_url}/@@overview-controlpanel</property>
   <property name="link_target"></property>
   <property name="icon_expr"></property>
   <property name="available_expr"></property>
   <property name="permissions">
    <element value="Plone Site Setup: Overview"/>
   </property>
   <property name="visible">True</property>
  </object>
 </object>
 <object name="document_actions" meta_type="CMF Action Category" purge="false">
  <object name="sendto" meta_type="CMF Action" i18n:domain="plone">
   <property name="title" i18n:translate="">Send this</property>
   <property name="description" i18n:translate=""></property>
   <property name="url_expr">string:$object_url/sendto_form</property>
   <property name="icon_expr">string:$portal_url/mail_icon2.gif</property>
   <property name="available_expr"></property>
   <property name="permissions">
    <element value="Allow sendto"/>
   </property>
   <property name="visible">True</property>
  </object>
  <object name="print" meta_type="CMF Action" i18n:domain="plone">
   <property name="title" i18n:translate="">Print this</property>
   <property name="description" i18n:translate=""></property>
   <property name="url_expr">string:javascript:this.print();</property>
   <property name="icon_expr">string:$portal_url/print_icon.gif</property>
   <property name="available_expr"></property>
   <property name="permissions">
    <element value="View"/>
   </property>
   <property name="visible">True</property>
  </object>
 </object>
 <object name="user" meta_type="CMF Action Category" purge="false">
  <object name="dashboard" meta_type="CMF Action" i18n:domain="plone">
   <property name="title" i18n:translate="">Dashboard</property>
   <property name="description" i18n:translate=""></property>
   <property name="url_expr">string:${portal_url}/dashboard</property>
   <property name="link_target"></property>
   <property name="icon_expr"></property>
   <property name="available_expr">python:member is not None</property>
   <property name="permissions">
    <element value="Portlets: Manage own portlets"/>
   </property>
   <property name="visible">False</property>
  </object>
  <object name="plone_setup" meta_type="CMF Action" i18n:domain="plone">
   <property name="title" i18n:translate="">Site Setup</property>
   <property name="description" i18n:translate=""></property>
   <property
      name="url_expr">string:${portal_url}/@@overview-controlpanel</property>
   <property name="link_target"></property>
   <property name="icon_expr"></property>
   <property name="available_expr"></property>
   <property name="permissions">
    <element value="Plone Site Setup: Overview"/>
   </property>
   <property name="visible">False</property>
  </object>
 </object>
</object>

