<?xml version="1.0"?>
<object name="portal_skins" allow_any="False" cookie_persistence="False"
   default_skin="camcomskin_base">

 <object name="camcomskin_base_custom_images"
    meta_type="Filesystem Directory View"
    directory="camcomskin.base:skins/camcomskin_base_custom_images"/>
 <object name="camcomskin_base_custom_templates"
    meta_type="Filesystem Directory View"
    directory="camcomskin.base:skins/camcomskin_base_custom_templates"/>
 <object name="camcomskin_base_styles"
    meta_type="Filesystem Directory View"
    directory="camcomskin.base:skins/camcomskin_base_styles"/>

 <skin-path name="camcomskin_base" based-on="Plone Classic Theme">
  <layer name="camcomskin_base_custom_images"
     insert-after="custom"/>
  <layer name="camcomskin_base_custom_templates"
     insert-after="camcomskin_base_custom_images"/>
  <layer name="camcomskin_base_styles"
     insert-after="camcomskin_base_custom_templates"/>
 </skin-path>

</object>
