<?xml version="1.0"?>
<object>
  <order manager="plone.portaltop" skinname="camcomskin_base">
    <viewlet name="plone.site_actions" />
    <viewlet name="plone.header" />
    <viewlet name="plone.path_bar" />
  </order>
  <order manager="plone.portalheader" skinname="camcomskin_base">
    <viewlet name="plone.skip_links" />
    <viewlet name="plone.searchbox" />
    <viewlet name="plone.logo" />
    <viewlet name="plone.global_sections" />
    <viewlet name="plone.app.i18n.locales.languageselector" />
  </order>
  <order manager="plone.contentviews" skinname="camcomskin_base">
    <viewlet name="plone.contentviews" />
    <viewlet name="plone.contentactions" />
  </order>
  <order manager="plone.abovecontenttitle" skinname="camcomskin_base">
  	<viewlet name="plone.abovecontenttitle.documentactions" />
  </order>
  <order manager="plone.belowcontenttitle" skinname="camcomskin_base">
    <viewlet name="plone.belowcontenttitle.documentbyline" />
    <viewlet name="plone.belowcontenttitle.keywords" />
    <viewlet name="contentwellportlets.belowtitleportlets" />
  </order>
  <order manager="plone.portalfooter" skinname="camcomskin_base">
  	<viewlet name="contentwellportlets.portletsbelowcontent" />
    <viewlet name="plone.footer" />
    <viewlet name="plone.analytics" />
    <viewlet name="plone.colophon" />
    <viewlet name="plone.site_actions" />
    <viewlet name="contentwellportlets.footerportlets" />
  </order>

  <hidden manager="plone.portaltop" skinname="camcomskin_base">
    <viewlet name="contentwellportlets.inheaderportlets" />
  </hidden>

  <hidden manager="plone.portalheader" skinname="camcomskin_base">
    <viewlet name="plone.personal_bar" />
  </hidden>

  <hidden manager="plone.abovecontent" skinname="camcomskin_base">
    <viewlet name="plone.path_bar" />
    <viewlet name="contentwellportlets.portletsabovecontent" />
  </hidden>

  <hidden manager="plone.belowcontenttitle" skinname="camcomskin_base">
    <viewlet name="contentwellportlets.belowtitleportlets" />
  </hidden>

  <hidden manager="plone.belowcontent" skinname="camcomskin_base">
    <viewlet name="plone.belowcontenttitle.keywords" />
    <viewlet name="contentwellportlets.portletsbelowcontent" />
  </hidden>

  <hidden manager="plone.belowcontentbody" skinname="camcomskin_base">
  	<viewlet name="plone.abovecontenttitle.documentactions" />
  </hidden>

  <hidden manager="plone.portalfooter" skinname="camcomskin_base">
    <viewlet name="plone.colophon" />
    <viewlet name="plone.site_actions" />
  </hidden>

</object>