<?xml version="1.0"?>
<dc-workflow workflow_id="camcom_public_workflow" title="Workflow con doppio livello di revisione - CCIAA" description="" state_variable="review_state" initial_state="visible" manager_bypass="False">
 <permission>Access contents information</permission>
 <permission>CMFEditions: Checkout to location</permission>
 <permission>CMFEditions: Save new version</permission>
 <permission>Change portal events</permission>
 <permission>Modify portal content</permission>
 <permission>View</permission>
 <state state_id="attesa" title="Attesa approvazione">
  <exit-transition transition_id="publish"/>
  <exit-transition transition_id="reject"/>
  <exit-transition transition_id="retract"/>
  <exit-transition transition_id="to_comune"/>
  <exit-transition transition_id="to_cser"/>
  <exit-transition transition_id="hide"/>
  <permission-map name="Access contents information" acquired="False">
   <permission-role>CSer</permission-role>
   <permission-role>CUff</permission-role>
   <permission-role>Editor</permission-role>
   <permission-role>Manager</permission-role>
   <permission-role>SegGen</permission-role>
   <permission-role>Site Administrator</permission-role>
  </permission-map>
  <permission-map name="CMFEditions: Checkout to location" acquired="True">
  </permission-map>
  <permission-map name="CMFEditions: Save new version" acquired="True">
  </permission-map>
  <permission-map name="Change portal events" acquired="False">
   <permission-role>CSer</permission-role>
   <permission-role>CUff</permission-role>
   <permission-role>Manager</permission-role>
   <permission-role>SegGen</permission-role>
   <permission-role>Site Administrator</permission-role>
  </permission-map>
  <permission-map name="Modify portal content" acquired="False">
   <permission-role>CSer</permission-role>
   <permission-role>CUff</permission-role>
   <permission-role>Manager</permission-role>
   <permission-role>SegGen</permission-role>
   <permission-role>Site Administrator</permission-role>
  </permission-map>
  <permission-map name="View" acquired="False">
   <permission-role>CSer</permission-role>
   <permission-role>CUff</permission-role>
   <permission-role>Editor</permission-role>
   <permission-role>Manager</permission-role>
   <permission-role>SegGen</permission-role>
   <permission-role>Site Administrator</permission-role>
  </permission-map>
 </state>
 <state state_id="attesa_cser" title="In approvazione C. Serv.">
  <exit-transition transition_id="publish_cser"/>
  <exit-transition transition_id="reject"/>
  <exit-transition transition_id="retract"/>
  <exit-transition transition_id="to_comune"/>
  <permission-map name="Access contents information" acquired="False">
   <permission-role>CSer</permission-role>
   <permission-role>CUff</permission-role>
   <permission-role>Editor</permission-role>
   <permission-role>Manager</permission-role>
   <permission-role>SegGen</permission-role>
   <permission-role>Site Administrator</permission-role>
  </permission-map>
  <permission-map name="CMFEditions: Checkout to location" acquired="True">
  </permission-map>
  <permission-map name="CMFEditions: Save new version" acquired="True">
  </permission-map>
  <permission-map name="Change portal events" acquired="False">
   <permission-role>CSer</permission-role>
   <permission-role>Manager</permission-role>
   <permission-role>SegGen</permission-role>
   <permission-role>Site Administrator</permission-role>
  </permission-map>
  <permission-map name="Modify portal content" acquired="False">
   <permission-role>CSer</permission-role>
   <permission-role>Manager</permission-role>
   <permission-role>SegGen</permission-role>
   <permission-role>Site Administrator</permission-role>
  </permission-map>
  <permission-map name="View" acquired="False">
   <permission-role>CSer</permission-role>
   <permission-role>CUff</permission-role>
   <permission-role>Editor</permission-role>
   <permission-role>Manager</permission-role>
   <permission-role>SegGen</permission-role>
   <permission-role>Site Administrator</permission-role>
  </permission-map>
 </state>
 <state state_id="comune" title="Comune">
  <description>Stato di lavoro comune, modificabile da chiunque. Per documenti poco importanti.</description>
  <exit-transition transition_id="publish"/>
  <exit-transition transition_id="hide"/>
  <exit-transition transition_id="reject"/>
  <permission-map name="Access contents information" acquired="True">
   <permission-role>CSer</permission-role>
   <permission-role>CUff</permission-role>
   <permission-role>Editor</permission-role>
   <permission-role>Manager</permission-role>
   <permission-role>SegGen</permission-role>
   <permission-role>Site Administrator</permission-role>
  </permission-map>
  <permission-map name="CMFEditions: Checkout to location" acquired="True">
   <permission-role>Editor</permission-role>
   <permission-role>Manager</permission-role>
   <permission-role>Site Administrator</permission-role>
  </permission-map>
  <permission-map name="CMFEditions: Save new version" acquired="True">
  </permission-map>
  <permission-map name="Change portal events" acquired="False">
   <permission-role>CSer</permission-role>
   <permission-role>CUff</permission-role>
   <permission-role>Manager</permission-role>
   <permission-role>SegGen</permission-role>
   <permission-role>Site Administrator</permission-role>
  </permission-map>
  <permission-map name="Modify portal content" acquired="False">
   <permission-role>CSer</permission-role>
   <permission-role>CUff</permission-role>
   <permission-role>Editor</permission-role>
   <permission-role>Manager</permission-role>
   <permission-role>SegGen</permission-role>
   <permission-role>Site Administrator</permission-role>
  </permission-map>
  <permission-map name="View" acquired="True">
   <permission-role>CSer</permission-role>
   <permission-role>CUff</permission-role>
   <permission-role>Editor</permission-role>
   <permission-role>Manager</permission-role>
   <permission-role>SegGen</permission-role>
   <permission-role>Site Administrator</permission-role>
  </permission-map>
 </state>
 <state state_id="private" title="Private">
  <exit-transition transition_id="retract"/>
  <exit-transition transition_id="reject"/>
  <exit-transition transition_id="publish"/>
  <permission-map name="Access contents information" acquired="False">
   <permission-role>CSer</permission-role>
   <permission-role>CUff</permission-role>
   <permission-role>Editor</permission-role>
   <permission-role>Manager</permission-role>
   <permission-role>Owner</permission-role>
   <permission-role>Reader</permission-role>
   <permission-role>SegGen</permission-role>
   <permission-role>Site Administrator</permission-role>
  </permission-map>
  <permission-map name="CMFEditions: Checkout to location" acquired="True">
  </permission-map>
  <permission-map name="CMFEditions: Save new version" acquired="True">
  </permission-map>
  <permission-map name="Change portal events" acquired="False">
   <permission-role>CSer</permission-role>
   <permission-role>CUff</permission-role>
   <permission-role>Manager</permission-role>
   <permission-role>SegGen</permission-role>
   <permission-role>Site Administrator</permission-role>
  </permission-map>
  <permission-map name="Modify portal content" acquired="False">
   <permission-role>CSer</permission-role>
   <permission-role>CUff</permission-role>
   <permission-role>Manager</permission-role>
   <permission-role>SegGen</permission-role>
  </permission-map>
  <permission-map name="View" acquired="False">
   <permission-role>CSer</permission-role>
   <permission-role>CUff</permission-role>
   <permission-role>Editor</permission-role>
   <permission-role>Manager</permission-role>
   <permission-role>Owner</permission-role>
   <permission-role>Reader</permission-role>
   <permission-role>SegGen</permission-role>
   <permission-role>Site Administrator</permission-role>
  </permission-map>
 </state>
 <state state_id="published" title="Published">
  <exit-transition transition_id="hide"/>
  <exit-transition transition_id="reject"/>
  <exit-transition transition_id="retract"/>
  <permission-map name="Access contents information" acquired="True">
   <permission-role>CSer</permission-role>
   <permission-role>CUff</permission-role>
   <permission-role>Editor</permission-role>
   <permission-role>Manager</permission-role>
   <permission-role>Owner</permission-role>
   <permission-role>SegGen</permission-role>
   <permission-role>Site Administrator</permission-role>
  </permission-map>
  <permission-map name="CMFEditions: Checkout to location" acquired="True">
   <permission-role>CSer</permission-role>
   <permission-role>CUff</permission-role>
   <permission-role>Editor</permission-role>
   <permission-role>Manager</permission-role>
   <permission-role>SegGen</permission-role>
   <permission-role>Site Administrator</permission-role>
  </permission-map>
  <permission-map name="CMFEditions: Save new version" acquired="True">
  </permission-map>
  <permission-map name="Change portal events" acquired="False">
   <permission-role>CSer</permission-role>
   <permission-role>CUff</permission-role>
   <permission-role>Manager</permission-role>
   <permission-role>SegGen</permission-role>
   <permission-role>Site Administrator</permission-role>
  </permission-map>
  <permission-map name="Modify portal content" acquired="False">
   <permission-role>CSer</permission-role>
   <permission-role>CUff</permission-role>
   <permission-role>Manager</permission-role>
   <permission-role>SegGen</permission-role>
   <permission-role>Site Administrator</permission-role>
  </permission-map>
  <permission-map name="View" acquired="True">
   <permission-role>CSer</permission-role>
   <permission-role>CUff</permission-role>
   <permission-role>Editor</permission-role>
   <permission-role>Manager</permission-role>
   <permission-role>Owner</permission-role>
   <permission-role>SegGen</permission-role>
   <permission-role>Site Administrator</permission-role>
  </permission-map>
 </state>
 <state state_id="visible" title="Bozza">
  <exit-transition transition_id="publish"/>
  <exit-transition transition_id="submit"/>
  <exit-transition transition_id="to_comune"/>
  <exit-transition transition_id="to_cser"/>
  <exit-transition transition_id="hide"/>
  <permission-map name="Access contents information" acquired="False">
   <permission-role>CSer</permission-role>
   <permission-role>CUff</permission-role>
   <permission-role>Editor</permission-role>
   <permission-role>Manager</permission-role>
   <permission-role>Owner</permission-role>
   <permission-role>SegGen</permission-role>
   <permission-role>Site Administrator</permission-role>
  </permission-map>
  <permission-map name="CMFEditions: Checkout to location" acquired="True">
  </permission-map>
  <permission-map name="CMFEditions: Save new version" acquired="True">
  </permission-map>
  <permission-map name="Change portal events" acquired="False">
   <permission-role>CSer</permission-role>
   <permission-role>CUff</permission-role>
   <permission-role>Editor</permission-role>
   <permission-role>Manager</permission-role>
   <permission-role>Owner</permission-role>
   <permission-role>SegGen</permission-role>
   <permission-role>Site Administrator</permission-role>
  </permission-map>
  <permission-map name="Modify portal content" acquired="False">
   <permission-role>CSer</permission-role>
   <permission-role>CUff</permission-role>
   <permission-role>Editor</permission-role>
   <permission-role>Manager</permission-role>
   <permission-role>Owner</permission-role>
   <permission-role>SegGen</permission-role>
   <permission-role>Site Administrator</permission-role>
  </permission-map>
  <permission-map name="View" acquired="False">
   <permission-role>CSer</permission-role>
   <permission-role>CUff</permission-role>
   <permission-role>Editor</permission-role>
   <permission-role>Manager</permission-role>
   <permission-role>Owner</permission-role>
   <permission-role>SegGen</permission-role>
   <permission-role>Site Administrator</permission-role>
  </permission-map>
 </state>
 <transition transition_id="hide" title="Member makes content private" new_state="private" trigger="USER" before_script="" after_script="">
  <description>Il revisore rende il documento riservato</description>
  <action url="%(content_url)s/content_hide_form" category="workflow" icon="">Make private</action>
  <guard>
   <guard-permission>CamCom: Approvazione livello 1</guard-permission>
  </guard>
 </transition>
 <transition transition_id="publish" title="Reviewer publishes content" new_state="published" trigger="USER" before_script="" after_script="">
  <action url="%(content_url)s/content_publish_form" category="workflow" icon="">Publish</action>
  <guard>
   <guard-permission>CamCom: Approvazione livello 1</guard-permission>
  </guard>
 </transition>
 <transition transition_id="publish_cser" title="Pubblicazione dal Caposervizio" new_state="published" trigger="USER" before_script="" after_script="">
  <action url="%(content_url)s/content_publish_form" category="workflow" icon="">Publish</action>
  <guard>
   <guard-permission>CamCom: Approvazione livello 2</guard-permission>
  </guard>
 </transition>
 <transition transition_id="reject" title="Reviewer rejects submission" new_state="visible" trigger="USER" before_script="" after_script="">
  <action url="%(content_url)s/content_reject_form" category="workflow" icon="">Reject</action>
  <guard>
   <guard-permission>CamCom: Approvazione livello 1</guard-permission>
  </guard>
 </transition>
 <transition transition_id="retract" title="Member retracts submission" new_state="visible" trigger="USER" before_script="" after_script="">
  <action url="%(content_url)s/content_retract_form" category="workflow" icon="">Retract</action>
  <guard>
   <guard-permission>Request review</guard-permission>
   <guard-role>Editor</guard-role>
  </guard>
 </transition>
 <transition transition_id="submit" title="Il redattore chiede l'approvazione" new_state="attesa" trigger="USER" before_script="" after_script="">
  <action url="%(content_url)s/content_submit_form" category="workflow" icon="">Submit</action>
  <guard>
   <guard-permission>Request review</guard-permission>
  </guard>
 </transition>
 <transition transition_id="to_comune" title="Rendi comune" new_state="comune" trigger="USER" before_script="" after_script="">
  <description>Rende il documento comune</description>
  <action url="%(content_url)s/content_publish_form" category="workflow" icon="">Rendi comune</action>
  <guard>
   <guard-permission>CamCom: Approvazione livello 1</guard-permission>
  </guard>
 </transition>
 <transition transition_id="to_cser" title="Al Caposervizio" new_state="attesa_cser" trigger="USER" before_script="" after_script="">
  <action url="%(content_url)s/content_submit_form" category="workflow" icon="">Al Caposervizio</action>
  <guard>
   <guard-permission>CamCom: Approvazione livello 1</guard-permission>
  </guard>
 </transition>
 <worklist worklist_id="cser_queue" title="">
  <description>Da visionare per il Caposervizio</description>
  <action url="%(portal_url)s/search?review_state=attesa_cser" category="global" icon="">Pending (%(count)d)</action>
  <guard>
   <guard-permission>CamCom: Approvazione livello 2</guard-permission>
  </guard>
  <match name="review_state" values="attesa_cser"/>
 </worklist>
 <worklist worklist_id="cuff_queue" title="">
  <description>Da visionare per il Capoufficio</description>
  <action url="%(portal_url)s/search?review_state=attesa" category="global" icon="">Pending (%(count)d)</action>
  <guard>
   <guard-permission>CamCom: Approvazione livello 1</guard-permission>
  </guard>
  <match name="review_state" values="attesa"/>
 </worklist>
 <variable variable_id="action" for_catalog="False" for_status="True" update_always="True">
  <description>The last transition</description>
  <default>
   
   <expression>transition/getId|nothing</expression>
  </default>
  <guard>
  </guard>
 </variable>
 <variable variable_id="actor" for_catalog="False" for_status="True" update_always="True">
  <description>The ID of the user who performed the last transition</description>
  <default>
   
   <expression>user/getId</expression>
  </default>
  <guard>
  </guard>
 </variable>
 <variable variable_id="comments" for_catalog="False" for_status="True" update_always="True">
  <description>Comments about the last transition</description>
  <default>
   
   <expression>python:state_change.kwargs.get('comment', '')</expression>
  </default>
  <guard>
  </guard>
 </variable>
 <variable variable_id="cser" for_catalog="True" for_status="True" update_always="False">
  <description>Nome del Caposervizio di questo wf</description>
  <default>
   <value type="string">cser_adem</value>
   
  </default>
  <guard>
  </guard>
 </variable>
 <variable variable_id="cuff" for_catalog="True" for_status="True" update_always="False">
  <description>Nome del Capoufficio di questo wf</description>
  <default>
   <value type="string">cuff_adem</value>
   
  </default>
  <guard>
  </guard>
 </variable>
 <variable variable_id="review_history" for_catalog="False" for_status="False" update_always="False">
  <description>Provides access to workflow history</description>
  <default>
   
   <expression>state_change/getHistory</expression>
  </default>
  <guard>
   <guard-permission>Request review</guard-permission>
   <guard-permission>Review portal content</guard-permission>
  </guard>
 </variable>
 <variable variable_id="time" for_catalog="False" for_status="True" update_always="True">
  <description>Time of the last transition</description>
  <default>
   
   <expression>state_change/getDateTime</expression>
  </default>
  <guard>
  </guard>
 </variable>
 <script script_id="notificaHome" type="Script (Python)" filename="workflows/camcom_public_workflow/scripts/notificaHome.py" module="" function=""/>
</dc-workflow>
