<?xml version="1.0"?>
<object name="NewsletterTheme" meta_type="Factory-based Type Information"
   xmlns:i18n="http://xml.zope.org/namespaces/i18n"
   i18n:domain="plonegazette">
 <property name="title" i18n:translate="">Newsletter Theme</property>
 <property name="description" i18n:translate="">A container for your newsletters</property>
 <property name="content_icon">NewsletterTheme.gif</property>
 <property name="content_meta_type">NewsletterTheme</property>
 <property name="product">PloneGazette</property>
 <property name="factory">addNewsletterTheme</property>
 <property name="immediate_view">NewsletterTheme_view</property>
 <property name="global_allow">True</property>
 <property name="filter_content_types">True</property>
 <property name="allowed_content_types">
  <element value="Newsletter"/>
  <element value="NewsletterBTree"/>
 </property>
 <property name="allow_discussion">False</property>
 <alias from="(Default)" to="NewsletterTheme_view"/>
 <alias from="edit" to="NewsletterTheme_editForm"/>
 <alias from="properties" to="base_metadata"/>
 <alias from="sharing" to="folder_localrole_form"/>
 <alias from="view" to="NewsletterTheme_view"/>
 <action title="View" action_id="view" category="object" condition_expr=""
    url_expr="string:${object_url}" visible="True">
  <permission value="View"/>
 </action>
 <action title="Edit" action_id="edit" category="object" condition_expr=""
    url_expr="string:${object_url}/edit" visible="True">
  <permission value="PNL Change Newsletter Theme"/>
 </action>
 <action title="Informations" action_id="infos" category="object"
    condition_expr="" url_expr="string:${object_url}/subscribers_infos"
    visible="True" i18n:domain="plone" i18n:attributes="title">
  <permission value="PNL Change Newsletter Theme"/>
 </action>
 <action title="Import" action_id="NewsletterTheme_importForm"
    category="object" condition_expr=""
    url_expr="string:${object_url}/NewsletterTheme_importForm" visible="True"
	i18n:domain="plone" i18n:attributes="title">
  <permission value="PNL Change Newsletter Theme"/>
 </action>
</object>
