<?xml version="1.0"?>
<object name="NewsletterBTree" meta_type="Factory-based Type Information"
   xmlns:i18n="http://xml.zope.org/namespaces/i18n"
   i18n:domain="plonegazette">
 <property name="title" i18n:translate="">Subscribers container</property>
 <property
    name="description" i18n:translate="">Folder for storing subscribers</property>
 <property name="content_icon">nlbtree_icon.gif</property>
 <property name="content_meta_type">NewsletterBTree</property>
 <property name="product">PloneGazette</property>
 <property name="factory">addNewsletterBTree</property>
 <property name="immediate_view">newsletterbtree_view</property>
 <property name="global_allow">False</property>
 <property name="filter_content_types">True</property>
 <property name="allowed_content_types">
  <element value="Subscriber"/>
 </property>
 <property name="allow_discussion">False</property>
 <alias from="(Default)" to="newsletterbtree_view"/>
 <alias from="edit" to="base_edit"/>
 <alias from="index.html" to="(Default)"/>
 <alias from="view" to="newsletterbtree_view"/>
 <action title="View" action_id="view" category="object" condition_expr=""
    url_expr="string:${object_url}/newsletterbtree_view" visible="True">
  <permission value="PNL Change Newsletter Theme"/>
 </action>
 <action title="Edit" action_id="edit" category="object"
    condition_expr="not:object/@@plone_lock_info/is_locked_for_current_user"
    url_expr="string:${object_url}/edit" visible="True">
  <permission value="Modify portal content"/>
 </action>
</object>
