<?xml version="1.0"?>
<dc-workflow workflow_id="camcom_folder_workflow" title="Workflow per le cartelle - CCIAA" description="" state_variable="review_state" initial_state="published" manager_bypass="False">
 <permission>Access contents information</permission>
 <permission>List folder contents</permission>
 <permission>Modify portal content</permission>
 <permission>View</permission>
 <state state_id="private" title="private">
  <exit-transition transition_id="publish"/>
  <permission-map name="Access contents information" acquired="False">
   <permission-role>CSer</permission-role>
   <permission-role>CUff</permission-role>
   <permission-role>Contributor</permission-role>
   <permission-role>Editor</permission-role>
   <permission-role>Manager</permission-role>
   <permission-role>Owner</permission-role>
   <permission-role>Reader</permission-role>
   <permission-role>SegGen</permission-role>
   <permission-role>Site Administrator</permission-role>
  </permission-map>
  <permission-map name="List folder contents" acquired="False">
   <permission-role>CSer</permission-role>
   <permission-role>CUff</permission-role>
   <permission-role>Contributor</permission-role>
   <permission-role>Editor</permission-role>
   <permission-role>Manager</permission-role>
   <permission-role>Owner</permission-role>
   <permission-role>SegGen</permission-role>
   <permission-role>Site Administrator</permission-role>
  </permission-map>
  <permission-map name="Manage properties" acquired="False">
   <permission-role>CSer</permission-role>
   <permission-role>CUff</permission-role>
   <permission-role>Manager</permission-role>
   <permission-role>Owner</permission-role>
   <permission-role>SegGen</permission-role>
   <permission-role>Site Administrator</permission-role>
  </permission-map>
  <permission-map name="Modify portal content" acquired="False">
   <permission-role>CSer</permission-role>
   <permission-role>CUff</permission-role>
   <permission-role>Manager</permission-role>
   <permission-role>Owner</permission-role>
   <permission-role>SegGen</permission-role>
   <permission-role>Site Administrator</permission-role>
  </permission-map>
  <permission-map name="View" acquired="False">
   <permission-role>CSer</permission-role>
   <permission-role>CUff</permission-role>
   <permission-role>Contributor</permission-role>
   <permission-role>Editor</permission-role>
   <permission-role>Manager</permission-role>
   <permission-role>Owner</permission-role>
   <permission-role>Reader</permission-role>
   <permission-role>SegGen</permission-role>
   <permission-role>Site Administrator</permission-role>
  </permission-map>
 </state>
 <state state_id="published" title="Published">
  <exit-transition transition_id="hide"/>
  <permission-map name="Access contents information" acquired="True">
   <permission-role>CSer</permission-role>
   <permission-role>CUff</permission-role>
   <permission-role>Contributor</permission-role>
   <permission-role>Editor</permission-role>
   <permission-role>Manager</permission-role>
   <permission-role>Owner</permission-role>
   <permission-role>SegGen</permission-role>
   <permission-role>Site Administrator</permission-role>
  </permission-map>
  <permission-map name="List folder contents" acquired="True">
   <permission-role>CSer</permission-role>
   <permission-role>CUff</permission-role>
   <permission-role>Contributor</permission-role>
   <permission-role>Editor</permission-role>
   <permission-role>Manager</permission-role>
   <permission-role>Owner</permission-role>
   <permission-role>SegGen</permission-role>
   <permission-role>Site Administrator</permission-role>
  </permission-map>
  <permission-map name="Manage properties" acquired="False">
   <permission-role>CSer</permission-role>
   <permission-role>CUff</permission-role>
   <permission-role>Manager</permission-role>
   <permission-role>Owner</permission-role>
   <permission-role>SegGen</permission-role>
   <permission-role>Site Administrator</permission-role>
  </permission-map>
  <permission-map name="Modify portal content" acquired="False">
   <permission-role>CSer</permission-role>
   <permission-role>CUff</permission-role>
   <permission-role>Manager</permission-role>
   <permission-role>Owner</permission-role>
   <permission-role>SegGen</permission-role>
   <permission-role>Site Administrator</permission-role>
  </permission-map>
  <permission-map name="View" acquired="True">
   <permission-role>CSer</permission-role>
   <permission-role>CUff</permission-role>
   <permission-role>Contributor</permission-role>
   <permission-role>Editor</permission-role>
   <permission-role>Manager</permission-role>
   <permission-role>Owner</permission-role>
   <permission-role>SegGen</permission-role>
   <permission-role>Site Administrator</permission-role>
  </permission-map>
 </state>
 <transition transition_id="hide" title="Member makes content private" new_state="private" trigger="USER" before_script="" after_script="">
  <action url="%(content_url)s/content_hide_form" category="workflow" icon="">Make private</action>
  <guard>
   <guard-permission>Modify portal content</guard-permission>
  </guard>
 </transition>
 <transition transition_id="publish" title="Reviewer publishes content" new_state="published" trigger="USER" before_script="" after_script="">
  <action url="%(content_url)s/content_publish_form" category="workflow" icon="">Publish</action>
  <guard>
   <guard-permission>Modify portal content</guard-permission>
  </guard>
 </transition>
 <worklist worklist_id="reviewer_queue" title="">
  <description>Reviewer tasks</description>
  <action url="%(portal_url)s/search?review_state=pending" category="global" icon="">Pending (%(count)d)</action>
  <guard>
   <guard-permission>Review portal content</guard-permission>
  </guard>
  <match name="review_state" values="pending"/>
 </worklist>
 <variable variable_id="action" for_catalog="False" for_status="True" update_always="True">
  <description>The last transition</description>
  <default>
   
   <expression>transition/getId|nothing</expression>
  </default>
  <guard>
  </guard>
 </variable>
 <variable variable_id="actor" for_catalog="False" for_status="True" update_always="True">
  <description>The ID of the user who performed the last transition</description>
  <default>
   
   <expression>user/getId</expression>
  </default>
  <guard>
  </guard>
 </variable>
 <variable variable_id="comments" for_catalog="False" for_status="True" update_always="True">
  <description>Comments about the last transition</description>
  <default>
   
   <expression>python:state_change.kwargs.get('comment', '')</expression>
  </default>
  <guard>
  </guard>
 </variable>
 <variable variable_id="review_history" for_catalog="False" for_status="False" update_always="False">
  <description>Provides access to workflow history</description>
  <default>
   
   <expression>state_change/getHistory</expression>
  </default>
  <guard>
   <guard-permission>Request review</guard-permission>
   <guard-permission>Review portal content</guard-permission>
  </guard>
 </variable>
 <variable variable_id="time" for_catalog="False" for_status="True" update_always="True">
  <description>Time of the last transition</description>
  <default>
   
   <expression>state_change/getDateTime</expression>
  </default>
  <guard>
  </guard>
 </variable>
</dc-workflow>
