<?xml version="1.0"?>
<rolemap>
  <roles>
    <role name="CSer"/>
    <role name="CUff"/>
    <role name="SegGen"/>
  </roles>

  <permissions>
    <permission name="ATContentTypes: Add Document"
                acquire="True">
      <role name="CSer"/>
      <role name="CUff"/>
      <role name="Editor"/>
	  <role name="Contributor"/>
      <role name="SegGen"/>
      <role name="Site Administrator"/>
    </permission>
    <permission name="ATContentTypes: Add Event"
                acquire="True">
      <role name="CSer"/>
      <role name="CUff"/>
      <role name="Editor"/>
	  <role name="Contributor"/>
      <role name="SegGen"/>
      <role name="Site Administrator"/>
    </permission>
    <permission name="ATContentTypes: Add File"
                acquire="True">
      <role name="CSer"/>
      <role name="CUff"/>
      <role name="Editor"/>
	  <role name="Contributor"/>
      <role name="SegGen"/>
      <role name="Site Administrator"/>
    </permission>
    <permission name="ATContentTypes: Add Folder"
                acquire="True">
      <role name="CSer"/>
      <role name="CUff"/>
      <role name="Editor"/>
      <role name="SegGen"/>
      <role name="Site Administrator"/>
    </permission>
    <permission name="ATContentTypes: Add Image"
                acquire="True">
      <role name="CSer"/>
      <role name="CUff"/>
      <role name="Editor"/>
	  <role name="Contributor"/>
      <role name="SegGen"/>
      <role name="Site Administrator"/>
    </permission>
    <permission name="ATContentTypes: Add Link"
                acquire="True">
      <role name="CSer"/>
      <role name="CUff"/>
      <role name="Editor"/>
	  <role name="Contributor"/>
      <role name="SegGen"/>
      <role name="Site Administrator"/>
    </permission>
    <permission name="ATContentTypes: Add News Item"
                acquire="True">
      <role name="CSer"/>
      <role name="CUff"/>
      <role name="Editor"/>
	  <role name="Contributor"/>
      <role name="SegGen"/>
      <role name="Site Administrator"/>
    </permission>
    <permission name="Access inactive portal content"
                acquire="True">
      <role name="CSer"/>
      <role name="CUff"/>
      <role name="Editor"/>
	  <role name="Contributor"/>
      <role name="SegGen"/>
      <role name="Site Administrator"/>
    </permission>
    <permission name="Add portal content" acquire="True">
      <role name="CSer"/>
      <role name="CUff"/>
      <role name="Editor"/>
	  <role name="Contributor"/>
      <role name="SegGen"/>
      <role name="Site Administrator"/>
    </permission>

    <permission name="Add portal member" acquire="False">
      <role name="Manager"/>
      <role name="Site Administrator"/>
    </permission>

    <permission name="Add portal topics" acquire="True">
      <role name="CSer"/>
      <role name="CUff"/>
      <role name="SegGen"/>
      <role name="Site Administrator"/>
    </permission>

    <permission name="CamCom: Approvazione livello 1"
                acquire="False">
      <role name="CSer"/>
      <role name="CUff"/>
      <role name="SegGen"/>
      <role name="Manager"/>
      <role name="Site Administrator"/>
    </permission>
    <permission name="CamCom: Approvazione livello 2"
                acquire="False">
      <role name="CSer"/>
      <role name="SegGen"/>
      <role name="Manager"/>
      <role name="Site Administrator"/>
    </permission>
    <permission name="Change local roles" acquire="True">
      <role name="CSer"/>
      <role name="CUff"/>
      <role name="Editor"/>
      <role name="SegGen"/>
      <role name="Site Administrator"/>
    </permission>
    <permission name="Change portal topics" acquire="True">
      <role name="CSer"/>
      <role name="CUff"/>
      <role name="SegGen"/>
      <role name="Site Administrator"/>
    </permission>
    <permission name="Copy or Move" acquire="True">
      <role name="CSer"/>
      <role name="CUff"/>
      <role name="Editor"/>
      <role name="SegGen"/>
      <role name="Site Administrator"/>
    </permission>
    <permission name="Delete objects" acquire="True">
      <role name="CSer"/>
      <role name="CUff"/>
      <role name="Editor"/>
      <role name="SegGen"/>
      <role name="Site Administrator"/>
    </permission>
    <permission name="FTP access" acquire="True">
      <role name="CSer"/>
      <role name="CUff"/>
      <role name="Editor"/>
      <role name="SegGen"/>
      <role name="Site Administrator"/>
    </permission>
    <permission name="List folder contents" acquire="True">
      <role name="Contributor"/>
      <role name="CSer"/>
      <role name="CUff"/>
      <role name="Editor"/>
      <role name="SegGen"/>
      <role name="Site Administrator"/>
    </permission>
    <permission name="List undoable changes" acquire="True">
      <role name="CSer"/>
      <role name="CUff"/>
      <role name="Editor"/>
      <role name="SegGen"/>
      <role name="Site Administrator"/>
    </permission>
    <permission name="Manage properties" acquire="True">
      <role name="CSer"/>
      <role name="CUff"/>
      <role name="Editor"/>
      <role name="SegGen"/>
      <role name="Site Administrator"/>
    </permission>
    <permission name="Modify constrain types" acquire="True">
      <role name="CSer"/>
      <role name="CUff"/>
      <role name="SegGen"/>
      <role name="Site Administrator"/>
    </permission>
    <permission name="Modify view template" acquire="True">
      <role name="CSer"/>
      <role name="CUff"/>
      <role name="SegGen"/>
      <role name="Site Administrator"/>
    </permission>
    <permission name="Review portal content" acquire="True">
      <role name="CSer"/>
      <role name="CUff"/>
      <role name="SegGen"/>
      <role name="Site Administrator"/>
    </permission>
    <permission name="Set Group Ownership" acquire="True">
      <role name="CSer"/>
      <role name="CUff"/>
      <role name="SegGen"/>
      <role name="Site Administrator"/>
    </permission>
    <permission name="Take ownership" acquire="True">
      <role name="CSer"/>
      <role name="CUff"/>
      <role name="SegGen"/>
      <role name="Site Administrator"/>
    </permission>
    <permission name="Undo changes" acquire="True">
      <role name="CSer"/>
      <role name="CUff"/>
      <role name="Editor"/>
      <role name="SegGen"/>
      <role name="Site Administrator"/>
    </permission>
    <permission name="View management screens"
                acquire="True">
      <role name="CSer"/>
      <role name="CUff"/>
      <role name="Editor"/>
      <role name="SegGen"/>
      <role name="Site Administrator"/>
    </permission>
    <permission name="Use mailhost services"
                acquire="True">
      <role name="Anonymous"/>
    </permission>

    <permission name="Request review"
                acquire="False">
      <role name="Manager"/>               	
      <role name="CSer"/>
      <role name="CUff"/>
      <role name="Editor"/>
      <role name="SegGen"/>
      <role name="Site Administrator"/>
    </permission>

	<permission name="Sharing page: Delegate roles" acquire="True">
      <role name="CSer"/>
      <role name="CUff"/>
      <role name="Editor"/>
      <role name="SegGen"/>
      <role name="Site Administrator"/>
	</permission>
	
	<permission name="Sharing page: Delegate Reviewer role" acquire="False">
	</permission>

	<permission name="Sharing page: Delegate Reader role" acquire="True">
      <role name="CSer"/>
      <role name="CUff"/>
      <role name="Editor"/>
      <role name="SegGen"/>
      <role name="Site Administrator"/>
	</permission>

	<permission name="Sharing page: Delegate Contributor role" acquire="True">
      <role name="CSer"/>
      <role name="CUff"/>
      <role name="SegGen"/>
      <role name="Site Administrator"/>
	</permission>

	<permission name="Sharing page: Delegate Editor role" acquire="True">
      <role name="CSer"/>
      <role name="CUff"/>
      <role name="SegGen"/>
      <role name="Site Administrator"/>
	</permission>

	<permission name="Sharing page: Delegate Cuff role" acquire="False">
      <role name="CSer"/>
      <role name="CUff"/>
      <role name="SegGen"/>
      <role name="Manager"/>
      <role name="Site Administrator"/>
	</permission>

	<permission name="Sharing page: Delegate CSer role" acquire="False">
      <role name="CSer"/>
      <role name="SegGen"/>
      <role name="Manager"/>
      <role name="Site Administrator"/>
	</permission>

	<permission name="Sharing page: Delegate SegGen role" acquire="False">
      <role name="SegGen"/>
      <role name="Manager"/>
      <role name="Site Administrator"/>
	</permission>
	
    <permission name="WebDAV Lock items"
                acquire="True">
      <role name="CSer"/>
      <role name="CUff"/>
      <role name="Editor"/>
      <role name="SegGen"/>
      <role name="Site Administrator"/>
    </permission>
    <permission name="WebDAV Unlock items"
                acquire="True">
      <role name="CSer"/>
      <role name="CUff"/>
      <role name="Editor"/>
      <role name="SegGen"/>
      <role name="Site Administrator"/>
    </permission>
	
	<permission name="CMFEditions: Checkout to location"
                acquire="False">
      <role name="Manager"/>
      <role name="Site Administrator"/>
    </permission>

	<permission name="CMFEditions: Save new version"
              acquire="True">
    <role name="CSer"/>
    <role name="CUff"/>
	  <role name="Editor"/>
	  <role name="Owner"/>
    <role name="SegGen"/>
    <role name="Manager"/>
    <role name="Site Administrator"/>
  </permission>

  <!-- PloneGazette -->
  <permission name="PNL Add Newsletter"
              acquire="True">
    <role name="CSer"/>
    <role name="CUff"/>
    <role name="Editor"/>
    <role name="Manager"/>
    <role name="Site Administrator"/>
  </permission>
  <permission name="PNL Change Newsletter"
              acquire="True">
    <role name="CSer"/>
    <role name="CUff"/>
    <role name="Editor"/>
    <role name="Manager"/>
    <role name="Owner"/>
    <role name="Site Administrator"/>
  </permission>
  <permission name="PNL Add Newsletter Theme"
              acquire="True">
    <role name="CSer"/>
    <role name="CUff"/>
    <role name="Manager"/>
    <role name="Site Administrator"/>
  </permission>
  <permission name="PNL Change Newsletter Theme"
              acquire="True">
    <role name="CSer"/>
    <role name="CUff"/>
    <role name="Manager"/>
    <role name="Owner"/>
    <role name="Site Administrator"/>
  </permission>
  </permissions>
</rolemap>
