<?xml version="1.0"?>
<object name="portal_workflow">

  <object name="camcom_public_workflow" meta_type="Workflow"/>
  <object name="camcom_folder_workflow" meta_type="Workflow"/>
 
  <bindings>
    <default>
       <bound-workflow workflow_id="camcom_public_workflow"/>
    </default>

    <type type_id="Folder">
       <bound-workflow workflow_id="camcom_folder_workflow"/>
    </type>
    <type type_id="Topic">
       <bound-workflow workflow_id="camcom_folder_workflow"/>
    </type>

    <type type_id="File" remove="remove" />

  </bindings>
</object>

